INSERT INTO `sys_roles` (`id`, `available`, `description`, `role`) VALUES (1, b'1', '系统信息增、删、改：用户，群组，主机', '系统管理员');
INSERT INTO `sys_roles` (`id`, `available`, `description`, `role`) VALUES (2, b'1', '系统信息查询：用户、群组、主机', '系统信息查询');
INSERT INTO `sys_roles` (`id`, `available`, `description`, `role`) VALUES (3, b'1', '应用部署', '应用部署');
INSERT INTO `sys_roles` (`id`, `available`, `description`, `role`) VALUES (4, b'1', '主机与端口管理', '主机管理');
INSERT INTO `sys_roles` (`id`, `available`, `description`, `role`) VALUES (5, b'1', '添加应用类型，编辑应用操作脚本', '操作管理');
INSERT INTO `sys_roles` (`id`, `available`, `description`, `role`) VALUES (6, b'1', '查看操作脚本', '操作查询');
INSERT INTO `sys_roles` (`id`, `available`, `description`, `role`) VALUES (7, b'1', '应用增、删、改', '应用管理');
INSERT INTO `sys_permissions` (`id`, `available`, `description`, `permission`, `pid`) VALUES (1, b'1', '组信息管理', '组管理:修改', 902);
INSERT INTO `sys_permissions` (`id`, `available`, `description`, `permission`, `pid`) VALUES (2, b'1', '组信息查询', '组管理:查询', 901);
INSERT INTO `sys_permissions` (`id`, `available`, `description`, `permission`, `pid`) VALUES (3, b'1', '用户信息管理', '用户管理:修改', 902);
INSERT INTO `sys_permissions` (`id`, `available`, `description`, `permission`, `pid`) VALUES (4, b'1', '用户信息查询', '用户管理:查询', 3);
INSERT INTO `sys_permissions` (`id`, `available`, `description`, `permission`, `pid`) VALUES (5, b'1', '应用管理', '应用:修改', NULL);
INSERT INTO `sys_permissions` (`id`, `available`, `description`, `permission`, `pid`) VALUES (6, b'1', '执行应用的操作脚本', '应用:操作', NULL);
INSERT INTO `sys_permissions` (`id`, `available`, `description`, `permission`, `pid`) VALUES (7, b'1', '应用信息查询', '应用:查询', NULL);
INSERT INTO `sys_permissions` (`id`, `available`, `description`, `permission`, `pid`) VALUES (8, b'1', '端口管理', '端口管理:修改', NULL);
INSERT INTO `sys_permissions` (`id`, `available`, `description`, `permission`, `pid`) VALUES (9, b'1', '端口查询', '端口管理:查询', 901);
INSERT INTO `sys_permissions` (`id`, `available`, `description`, `permission`, `pid`) VALUES (10, b'1', '增删改操作信息', '操作管理:修改', NULL);
INSERT INTO `sys_permissions` (`id`, `available`, `description`, `permission`, `pid`) VALUES (11, b'1', '查询操作脚本', '操作管理:查询', NULL);
INSERT INTO `sys_permissions` (`id`, `available`, `description`, `permission`, `pid`) VALUES (12, b'1', '主机管理', '主机管理:修改', NULL);
INSERT INTO `sys_permissions` (`id`, `available`, `description`, `permission`, `pid`) VALUES (13, b'1', '主机查询', '主机管理:查询', 901);
INSERT INTO `sys_permissions` (`id`, `available`, `description`, `permission`, `pid`) VALUES (901, b'1', '查询系统信息', '系统:查询', 902);
INSERT INTO `sys_permissions` (`id`, `available`, `description`, `permission`, `pid`) VALUES (902, b'1', '增删改系统信息', '系统:管理', NULL);
INSERT INTO `sys_roles_permissions` (`role_id`, `permission_id`) VALUES (1, 902);
INSERT INTO `sys_roles_permissions` (`role_id`, `permission_id`) VALUES (2, 7);
INSERT INTO `sys_roles_permissions` (`role_id`, `permission_id`) VALUES (2, 901);
INSERT INTO `sys_roles_permissions` (`role_id`, `permission_id`) VALUES (3, 6);
INSERT INTO `sys_roles_permissions` (`role_id`, `permission_id`) VALUES (3, 7);
INSERT INTO `sys_roles_permissions` (`role_id`, `permission_id`) VALUES (4, 8);
INSERT INTO `sys_roles_permissions` (`role_id`, `permission_id`) VALUES (4, 9);
INSERT INTO `sys_roles_permissions` (`role_id`, `permission_id`) VALUES (4, 12);
INSERT INTO `sys_roles_permissions` (`role_id`, `permission_id`) VALUES (4, 13);
INSERT INTO `sys_roles_permissions` (`role_id`, `permission_id`) VALUES (5, 10);
INSERT INTO `sys_roles_permissions` (`role_id`, `permission_id`) VALUES (5, 11);
INSERT INTO `sys_roles_permissions` (`role_id`, `permission_id`) VALUES (6, 11);
INSERT INTO `sys_roles_permissions` (`role_id`, `permission_id`) VALUES (7, 5);
INSERT INTO `sys_roles_permissions` (`role_id`, `permission_id`) VALUES (7, 7);
INSERT INTO `sys_users` (`id`, `email`, `last_login`, `locked`, `name`, `password`, `register_date`, `salt`) VALUES (2, 'test-aop@163.com', '2020-11-24 16:18:40', b'0', 'user', '{noop}password', '2020-11-24 16:18:40', 'jxOh054/avZ+Mq/a7ybW8VB439miOFwRhJ3SyivzmiU=');
INSERT INTO `sys_users_roles` (`user_id`, `role_id`) VALUES (2, 2);
INSERT INTO `dp2_app_type` (`id`, `description`, `name`) VALUES (1, 'Tomcat8', 'Tomcat');
INSERT INTO `dp2_app_type` (`id`, `description`, `name`) VALUES (2, 'Java', 'Java');
INSERT INTO `dp2_port_type` (`id`, `all_count`, `description`, `name`, `rest_count`) VALUES (1, 0, 'HTTP接口', 'HTTP', 0);
INSERT INTO `dp2_port_type` (`id`, `all_count`, `description`, `name`, `rest_count`) VALUES (2, 0, '服务管理端口', 'SERVER', 0);
INSERT INTO `dp2_app_var_define` (`id`, `app_type_id`, `default_value`, `form_label`, `input_addon`, `name`, `port_type_id`) VALUES (1, 1, '', '服务管理端口', '', 'server_port', 2);
INSERT INTO `dp2_app_var_define` (`id`, `app_type_id`, `default_value`, `form_label`, `input_addon`, `name`, `port_type_id`) VALUES (2, 1, '', 'HTTP端口', '', 'http_port', 1);
INSERT INTO `dp2_version_var_define` (`id`, `app_type_id`, `default_value`, `form_label`, `input_addon`, `name`, `port_type_id`) VALUES (36, 1, 'publish/online', '构建任务结果路径（相对于工作目录）', '', 'build_dest', NULL);
INSERT INTO `dp2_version_var_define` (`id`, `app_type_id`, `default_value`, `form_label`, `input_addon`, `name`, `port_type_id`) VALUES (37, 1, 'publishOnline', 'Gradle构建任务名', '', 'build_task', NULL);
INSERT INTO `dp2_app_operation` (`id`, `command`, `description`, `name`, `released`, `type`, `app_type_id`) VALUES (1, 'play.sh', '在目标主机安装运行环境：包括创建用户、安装配置JDK、Tomcat等运行环境', '安装', 0, 'COMMON', 1);
INSERT INTO `dp2_app_operation` (`id`, `command`, `description`, `name`, `released`, `type`, `app_type_id`) VALUES (2, 'play.sh', '请求服务心跳API接口，将其设置为OFFLINE状态', '下线', 0, 'COMMON', 1);
INSERT INTO `dp2_app_operation_code` (`id`, `code`, `file_name`, `operation_id`) VALUES (1, 'sh operation', 'operation.sh', 1);
INSERT INTO `dp2_app_operation_code` (`id`, `code`, `file_name`, `operation_id`) VALUES (2, 'sh play.sh', 'play.sh', 1);
INSERT INTO `dp2_app_operation_code` (`id`, `code`, `file_name`, `operation_id`) VALUES (13, 'sh operation.sh', 'operation.sh', 2);
INSERT INTO `dp2_app_operation_code` (`id`, `code`, `file_name`, `operation_id`) VALUES (14, 'sh play.sh', 'play.sh', 2);
INSERT INTO `dp2_operation_var_define` (`id`, `default_value`, `form_label`, `input_addon`, `name`, `operation_id`) VALUES (15, 'develop', '源代码分支', '', 'git_branches', 1);
INSERT INTO `dp2_operation_var_define` (`id`, `default_value`, `form_label`, `input_addon`, `name`, `operation_id`) VALUES (16, 'deploy', '源代码分支', '', 'git_branches', 2);
